pad,side,layer,front_pin,x,y,w,h,edge_y,pad_bottom,pad_top
1,front,Top,1,3.35,1.675,0.6,1.85,0.5,0.75,2.6
2,front,Top,2,4.2,1.675,0.6,1.85,0.5,0.75,2.6
3,front,Top,3,5.05,1.675,0.6,1.85,0.5,0.75,2.6
4,front,Top,4,5.9,1.675,0.6,1.85,0.5,0.75,2.6
5,front,Top,5,6.75,1.675,0.6,1.85,0.5,0.75,2.6
6,front,Top,6,7.6,1.675,0.6,1.85,0.5,0.75,2.6
7,front,Top,7,8.45,1.675,0.6,1.85,0.5,0.75,2.6
8,front,Top,8,9.3,1.675,0.6,1.85,0.5,0.75,2.6
9,front,Top,9,10.15,1.675,0.6,1.85,0.5,0.75,2.6
10,front,Top,10,11.0,1.675,0.6,1.85,0.5,0.75,2.6
11,front,Top,11,11.85,1.675,0.6,1.85,0.5,0.75,2.6
12,front,Top,12,12.7,1.675,0.6,1.85,0.5,0.75,2.6
13,front,Top,13,13.55,1.675,0.6,1.85,0.5,0.75,2.6
14,front,Top,14,14.4,1.675,0.6,1.85,0.5,0.75,2.6
15,front,Top,15,15.25,1.675,0.6,1.85,0.5,0.75,2.6
16,front,Top,16,16.1,1.675,0.6,1.85,0.5,0.75,2.6
17,front,Top,17,16.95,1.675,0.6,1.85,0.5,0.75,2.6
18,front,Top,18,17.8,1.675,0.6,1.85,0.5,0.75,2.6
19,front,Top,19,18.65,1.675,0.6,1.85,0.5,0.75,2.6
20,front,Top,20,19.5,1.675,0.6,1.85,0.5,0.75,2.6
21,front,Top,21,20.35,1.675,0.6,1.85,0.5,0.75,2.6
22,front,Top,22,21.2,1.675,0.6,1.85,0.5,0.75,2.6
23,front,Top,23,22.05,1.675,0.6,1.85,0.5,0.75,2.6
24,front,Top,24,22.9,1.675,0.6,1.85,0.5,0.75,2.6
25,front,Top,25,23.75,1.675,0.6,1.85,0.5,0.75,2.6
26,front,Top,26,24.6,1.675,0.6,1.85,0.5,0.75,2.6
27,front,Top,27,25.45,1.675,0.6,1.85,0.5,0.75,2.6
28,front,Top,28,26.3,1.675,0.6,1.85,0.5,0.75,2.6
29,front,Top,29,27.15,1.675,0.6,1.85,0.5,0.75,2.6
30,front,Top,30,28.0,1.675,0.6,1.85,0.5,0.75,2.6
31,front,Top,31,28.85,1.675,0.6,1.85,0.5,0.75,2.6
32,front,Top,32,29.7,1.675,0.6,1.85,0.5,0.75,2.6
33,front,Top,33,30.55,1.675,0.6,1.85,0.5,0.75,2.6
34,front,Top,34,31.4,1.675,0.6,1.85,0.5,0.75,2.6
35,front,Top,35,32.25,1.675,0.6,1.85,0.5,0.75,2.6
36,front,Top,36,33.1,1.6542,0.6,1.8917,0.4583,0.7083,2.6
37,front,Top,37,33.95,1.6333,0.6,1.9333,0.4167,0.6667,2.6
38,front,Top,38,34.8,1.6125,0.6,1.975,0.375,0.625,2.6
39,front,Top,39,35.65,1.5917,0.6,2.0167,0.3333,0.5833,2.6
40,front,Top,40,36.5,1.5708,0.6,2.0583,0.2917,0.5417,2.6
41,front,Top,41,37.35,1.55,0.6,2.1,0.25,0.5,2.6
42,front,Top,42,38.2,1.5292,0.6,2.1417,0.2083,0.4583,2.6
43,front,Top,43,39.05,1.5083,0.6,2.1833,0.1667,0.4167,2.6
44,front,Top,44,39.9,1.4875,0.6,2.225,0.125,0.375,2.6
45,front,Top,45,40.75,1.4667,0.6,2.2667,0.0833,0.3333,2.6
46,front,Top,46,41.6,1.4458,0.6,2.3083,0.0417,0.2917,2.6
47,front,Top,47,42.45,1.425,0.6,2.35,0.0,0.25,2.6
48,front,Top,48,43.3,1.425,0.6,2.35,0.0,0.25,2.6
49,front,Top,49,44.15,1.425,0.6,2.35,0.0,0.25,2.6
50,front,Top,50,45.0,1.425,0.6,2.35,0.0,0.25,2.6
51,front,Top,51,45.85,1.425,0.6,2.35,0.0,0.25,2.6
52,front,Top,52,46.7,1.425,0.6,2.35,0.0,0.25,2.6
53,front,Top,53,47.55,1.425,0.6,2.35,0.0,0.25,2.6
54,front,Top,54,48.4,1.425,0.6,2.35,0.0,0.25,2.6
55,front,Top,55,49.25,1.425,0.6,2.35,0.0,0.25,2.6
56,front,Top,56,50.1,1.425,0.6,2.35,0.0,0.25,2.6
57,front,Top,57,50.95,1.425,0.6,2.35,0.0,0.25,2.6
58,front,Top,58,51.8,1.425,0.6,2.35,0.0,0.25,2.6
59,front,Top,59,52.65,1.425,0.6,2.35,0.0,0.25,2.6
60,front,Top,60,53.5,1.425,0.6,2.35,0.0,0.25,2.6
61,front,Top,61,54.35,1.425,0.6,2.35,0.0,0.25,2.6
62,front,Top,62,55.2,1.425,0.6,2.35,0.0,0.25,2.6
63,front,Top,63,56.05,1.425,0.6,2.35,0.0,0.25,2.6
64,front,Top,64,56.9,1.425,0.6,2.35,0.0,0.25,2.6
65,front,Top,65,57.75,1.425,0.6,2.35,0.0,0.25,2.6
66,front,Top,66,58.6,1.425,0.6,2.35,0.0,0.25,2.6
67,front,Top,67,59.45,1.425,0.6,2.35,0.0,0.25,2.6
68,front,Top,68,60.3,1.425,0.6,2.35,0.0,0.25,2.6
69,front,Top,69,61.15,1.425,0.6,2.35,0.0,0.25,2.6
70,front,Top,70,62.0,1.425,0.6,2.35,0.0,0.25,2.6
71,front,Top,71,62.85,1.425,0.6,2.35,0.0,0.25,2.6
72,front,Top,72,63.7,1.425,0.6,2.35,0.0,0.25,2.6
73,front,Top,73,64.55,1.425,0.6,2.35,0.0,0.25,2.6
74,front,Top,74,65.4,1.425,0.6,2.35,0.0,0.25,2.6
75,front,Top,75,66.25,1.425,0.6,2.35,0.0,0.25,2.6
76,front,Top,76,67.1,1.425,0.6,2.35,0.0,0.25,2.6
77,front,Top,77,67.95,1.425,0.6,2.35,0.0,0.25,2.6
78,front,Top,78,73.9,1.425,0.6,2.35,0.0,0.25,2.6
79,front,Top,79,74.75,1.425,0.6,2.35,0.0,0.25,2.6
80,front,Top,80,75.6,1.425,0.6,2.35,0.0,0.25,2.6
81,front,Top,81,76.45,1.425,0.6,2.35,0.0,0.25,2.6
82,front,Top,82,77.3,1.425,0.6,2.35,0.0,0.25,2.6
83,front,Top,83,78.15,1.425,0.6,2.35,0.0,0.25,2.6
84,front,Top,84,79.0,1.425,0.6,2.35,0.0,0.25,2.6
85,front,Top,85,79.85,1.425,0.6,2.35,0.0,0.25,2.6
86,front,Top,86,80.7,1.425,0.6,2.35,0.0,0.25,2.6
87,front,Top,87,81.55,1.425,0.6,2.35,0.0,0.25,2.6
88,front,Top,88,82.4,1.425,0.6,2.35,0.0,0.25,2.6
89,front,Top,89,83.25,1.425,0.6,2.35,0.0,0.25,2.6
90,front,Top,90,84.1,1.425,0.6,2.35,0.0,0.25,2.6
91,front,Top,91,84.95,1.425,0.6,2.35,0.0,0.25,2.6
92,front,Top,92,85.8,1.425,0.6,2.35,0.0,0.25,2.6
93,front,Top,93,86.65,1.425,0.6,2.35,0.0,0.25,2.6
94,front,Top,94,87.5,1.425,0.6,2.35,0.0,0.25,2.6
95,front,Top,95,88.35,1.425,0.6,2.35,0.0,0.25,2.6
96,front,Top,96,89.2,1.425,0.6,2.35,0.0,0.25,2.6
97,front,Top,97,90.05,1.425,0.6,2.35,0.0,0.25,2.6
98,front,Top,98,90.9,1.425,0.6,2.35,0.0,0.25,2.6
99,front,Top,99,91.75,1.425,0.6,2.35,0.0,0.25,2.6
100,front,Top,100,92.6,1.425,0.6,2.35,0.0,0.25,2.6
101,front,Top,101,93.45,1.425,0.6,2.35,0.0,0.25,2.6
102,front,Top,102,94.3,1.425,0.6,2.35,0.0,0.25,2.6
103,front,Top,103,95.15,1.425,0.6,2.35,0.0,0.25,2.6
104,front,Top,104,96.0,1.425,0.6,2.35,0.0,0.25,2.6
105,front,Top,105,96.85,1.425,0.6,2.35,0.0,0.25,2.6
106,front,Top,106,97.7,1.4458,0.6,2.3083,0.0417,0.2917,2.6
107,front,Top,107,98.55,1.4667,0.6,2.2667,0.0833,0.3333,2.6
108,front,Top,108,99.4,1.4875,0.6,2.225,0.125,0.375,2.6
109,front,Top,109,100.25,1.5083,0.6,2.1833,0.1667,0.4167,2.6
110,front,Top,110,101.1,1.5292,0.6,2.1417,0.2083,0.4583,2.6
111,front,Top,111,101.95,1.55,0.6,2.1,0.25,0.5,2.6
112,front,Top,112,102.8,1.5708,0.6,2.0583,0.2917,0.5417,2.6
113,front,Top,113,103.65,1.5917,0.6,2.0167,0.3333,0.5833,2.6
114,front,Top,114,104.5,1.6125,0.6,1.975,0.375,0.625,2.6
115,front,Top,115,105.35,1.6333,0.6,1.9333,0.4167,0.6667,2.6
116,front,Top,116,106.2,1.6542,0.6,1.8917,0.4583,0.7083,2.6
117,front,Top,117,107.05,1.675,0.6,1.85,0.5,0.75,2.6
118,front,Top,118,107.9,1.675,0.6,1.85,0.5,0.75,2.6
119,front,Top,119,108.75,1.675,0.6,1.85,0.5,0.75,2.6
120,front,Top,120,109.6,1.675,0.6,1.85,0.5,0.75,2.6
121,front,Top,121,110.45,1.675,0.6,1.85,0.5,0.75,2.6
122,front,Top,122,111.3,1.675,0.6,1.85,0.5,0.75,2.6
123,front,Top,123,112.15,1.675,0.6,1.85,0.5,0.75,2.6
124,front,Top,124,113.0,1.675,0.6,1.85,0.5,0.75,2.6
125,front,Top,125,113.85,1.675,0.6,1.85,0.5,0.75,2.6
126,front,Top,126,114.7,1.675,0.6,1.85,0.5,0.75,2.6
127,front,Top,127,115.55,1.675,0.6,1.85,0.5,0.75,2.6
128,front,Top,128,116.4,1.675,0.6,1.85,0.5,0.75,2.6
129,front,Top,129,117.25,1.675,0.6,1.85,0.5,0.75,2.6
130,front,Top,130,118.1,1.675,0.6,1.85,0.5,0.75,2.6
131,front,Top,131,118.95,1.675,0.6,1.85,0.5,0.75,2.6
132,front,Top,132,119.8,1.675,0.6,1.85,0.5,0.75,2.6
133,front,Top,133,120.65,1.675,0.6,1.85,0.5,0.75,2.6
134,front,Top,134,121.5,1.675,0.6,1.85,0.5,0.75,2.6
135,front,Top,135,122.35,1.675,0.6,1.85,0.5,0.75,2.6
136,front,Top,136,123.2,1.675,0.6,1.85,0.5,0.75,2.6
137,front,Top,137,124.05,1.675,0.6,1.85,0.5,0.75,2.6
138,front,Top,138,124.9,1.675,0.6,1.85,0.5,0.75,2.6
139,front,Top,139,125.75,1.675,0.6,1.85,0.5,0.75,2.6
140,front,Top,140,126.6,1.675,0.6,1.85,0.5,0.75,2.6
141,front,Top,141,127.45,1.675,0.6,1.85,0.5,0.75,2.6
142,front,Top,142,128.3,1.675,0.6,1.85,0.5,0.75,2.6
143,front,Top,143,129.15,1.675,0.6,1.85,0.5,0.75,2.6
144,front,Top,144,130.0,1.675,0.6,1.85,0.5,0.75,2.6
145,back,Bottom,1,3.35,1.675,0.6,1.85,0.5,0.75,2.6
146,back,Bottom,2,4.2,1.675,0.6,1.85,0.5,0.75,2.6
147,back,Bottom,3,5.05,1.675,0.6,1.85,0.5,0.75,2.6
148,back,Bottom,4,5.9,1.675,0.6,1.85,0.5,0.75,2.6
149,back,Bottom,5,6.75,1.675,0.6,1.85,0.5,0.75,2.6
150,back,Bottom,6,7.6,1.675,0.6,1.85,0.5,0.75,2.6
151,back,Bottom,7,8.45,1.675,0.6,1.85,0.5,0.75,2.6
152,back,Bottom,8,9.3,1.675,0.6,1.85,0.5,0.75,2.6
153,back,Bottom,9,10.15,1.675,0.6,1.85,0.5,0.75,2.6
154,back,Bottom,10,11.0,1.675,0.6,1.85,0.5,0.75,2.6
155,back,Bottom,11,11.85,1.675,0.6,1.85,0.5,0.75,2.6
156,back,Bottom,12,12.7,1.675,0.6,1.85,0.5,0.75,2.6
157,back,Bottom,13,13.55,1.675,0.6,1.85,0.5,0.75,2.6
158,back,Bottom,14,14.4,1.675,0.6,1.85,0.5,0.75,2.6
159,back,Bottom,15,15.25,1.675,0.6,1.85,0.5,0.75,2.6
160,back,Bottom,16,16.1,1.675,0.6,1.85,0.5,0.75,2.6
161,back,Bottom,17,16.95,1.675,0.6,1.85,0.5,0.75,2.6
162,back,Bottom,18,17.8,1.675,0.6,1.85,0.5,0.75,2.6
163,back,Bottom,19,18.65,1.675,0.6,1.85,0.5,0.75,2.6
164,back,Bottom,20,19.5,1.675,0.6,1.85,0.5,0.75,2.6
165,back,Bottom,21,20.35,1.675,0.6,1.85,0.5,0.75,2.6
166,back,Bottom,22,21.2,1.675,0.6,1.85,0.5,0.75,2.6
167,back,Bottom,23,22.05,1.675,0.6,1.85,0.5,0.75,2.6
168,back,Bottom,24,22.9,1.675,0.6,1.85,0.5,0.75,2.6
169,back,Bottom,25,23.75,1.675,0.6,1.85,0.5,0.75,2.6
170,back,Bottom,26,24.6,1.675,0.6,1.85,0.5,0.75,2.6
171,back,Bottom,27,25.45,1.675,0.6,1.85,0.5,0.75,2.6
172,back,Bottom,28,26.3,1.675,0.6,1.85,0.5,0.75,2.6
173,back,Bottom,29,27.15,1.675,0.6,1.85,0.5,0.75,2.6
174,back,Bottom,30,28.0,1.675,0.6,1.85,0.5,0.75,2.6
175,back,Bottom,31,28.85,1.675,0.6,1.85,0.5,0.75,2.6
176,back,Bottom,32,29.7,1.675,0.6,1.85,0.5,0.75,2.6
177,back,Bottom,33,30.55,1.675,0.6,1.85,0.5,0.75,2.6
178,back,Bottom,34,31.4,1.675,0.6,1.85,0.5,0.75,2.6
179,back,Bottom,35,32.25,1.675,0.6,1.85,0.5,0.75,2.6
180,back,Bottom,36,33.1,1.6542,0.6,1.8917,0.4583,0.7083,2.6
181,back,Bottom,37,33.95,1.6333,0.6,1.9333,0.4167,0.6667,2.6
182,back,Bottom,38,34.8,1.6125,0.6,1.975,0.375,0.625,2.6
183,back,Bottom,39,35.65,1.5917,0.6,2.0167,0.3333,0.5833,2.6
184,back,Bottom,40,36.5,1.5708,0.6,2.0583,0.2917,0.5417,2.6
185,back,Bottom,41,37.35,1.55,0.6,2.1,0.25,0.5,2.6
186,back,Bottom,42,38.2,1.5292,0.6,2.1417,0.2083,0.4583,2.6
187,back,Bottom,43,39.05,1.5083,0.6,2.1833,0.1667,0.4167,2.6
188,back,Bottom,44,39.9,1.4875,0.6,2.225,0.125,0.375,2.6
189,back,Bottom,45,40.75,1.4667,0.6,2.2667,0.0833,0.3333,2.6
190,back,Bottom,46,41.6,1.4458,0.6,2.3083,0.0417,0.2917,2.6
191,back,Bottom,47,42.45,1.425,0.6,2.35,0.0,0.25,2.6
192,back,Bottom,48,43.3,1.425,0.6,2.35,0.0,0.25,2.6
193,back,Bottom,49,44.15,1.425,0.6,2.35,0.0,0.25,2.6
194,back,Bottom,50,45.0,1.425,0.6,2.35,0.0,0.25,2.6
195,back,Bottom,51,45.85,1.425,0.6,2.35,0.0,0.25,2.6
196,back,Bottom,52,46.7,1.425,0.6,2.35,0.0,0.25,2.6
197,back,Bottom,53,47.55,1.425,0.6,2.35,0.0,0.25,2.6
198,back,Bottom,54,48.4,1.425,0.6,2.35,0.0,0.25,2.6
199,back,Bottom,55,49.25,1.425,0.6,2.35,0.0,0.25,2.6
200,back,Bottom,56,50.1,1.425,0.6,2.35,0.0,0.25,2.6
201,back,Bottom,57,50.95,1.425,0.6,2.35,0.0,0.25,2.6
202,back,Bottom,58,51.8,1.425,0.6,2.35,0.0,0.25,2.6
203,back,Bottom,59,52.65,1.425,0.6,2.35,0.0,0.25,2.6
204,back,Bottom,60,53.5,1.425,0.6,2.35,0.0,0.25,2.6
205,back,Bottom,61,54.35,1.425,0.6,2.35,0.0,0.25,2.6
206,back,Bottom,62,55.2,1.425,0.6,2.35,0.0,0.25,2.6
207,back,Bottom,63,56.05,1.425,0.6,2.35,0.0,0.25,2.6
208,back,Bottom,64,56.9,1.425,0.6,2.35,0.0,0.25,2.6
209,back,Bottom,65,57.75,1.425,0.6,2.35,0.0,0.25,2.6
210,back,Bottom,66,58.6,1.425,0.6,2.35,0.0,0.25,2.6
211,back,Bottom,67,59.45,1.425,0.6,2.35,0.0,0.25,2.6
212,back,Bottom,68,60.3,1.425,0.6,2.35,0.0,0.25,2.6
213,back,Bottom,69,61.15,1.425,0.6,2.35,0.0,0.25,2.6
214,back,Bottom,70,62.0,1.425,0.6,2.35,0.0,0.25,2.6
215,back,Bottom,71,62.85,1.425,0.6,2.35,0.0,0.25,2.6
216,back,Bottom,72,63.7,1.425,0.6,2.35,0.0,0.25,2.6
217,back,Bottom,73,64.55,1.425,0.6,2.35,0.0,0.25,2.6
218,back,Bottom,74,65.4,1.425,0.6,2.35,0.0,0.25,2.6
219,back,Bottom,75,66.25,1.425,0.6,2.35,0.0,0.25,2.6
220,back,Bottom,76,67.1,1.425,0.6,2.35,0.0,0.25,2.6
221,back,Bottom,77,67.95,1.425,0.6,2.35,0.0,0.25,2.6
222,back,Bottom,78,73.9,1.425,0.6,2.35,0.0,0.25,2.6
223,back,Bottom,79,74.75,1.425,0.6,2.35,0.0,0.25,2.6
224,back,Bottom,80,75.6,1.425,0.6,2.35,0.0,0.25,2.6
225,back,Bottom,81,76.45,1.425,0.6,2.35,0.0,0.25,2.6
226,back,Bottom,82,77.3,1.425,0.6,2.35,0.0,0.25,2.6
227,back,Bottom,83,78.15,1.425,0.6,2.35,0.0,0.25,2.6
228,back,Bottom,84,79.0,1.425,0.6,2.35,0.0,0.25,2.6
229,back,Bottom,85,79.85,1.425,0.6,2.35,0.0,0.25,2.6
230,back,Bottom,86,80.7,1.425,0.6,2.35,0.0,0.25,2.6
231,back,Bottom,87,81.55,1.425,0.6,2.35,0.0,0.25,2.6
232,back,Bottom,88,82.4,1.425,0.6,2.35,0.0,0.25,2.6
233,back,Bottom,89,83.25,1.425,0.6,2.35,0.0,0.25,2.6
234,back,Bottom,90,84.1,1.425,0.6,2.35,0.0,0.25,2.6
235,back,Bottom,91,84.95,1.425,0.6,2.35,0.0,0.25,2.6
236,back,Bottom,92,85.8,1.425,0.6,2.35,0.0,0.25,2.6
237,back,Bottom,93,86.65,1.425,0.6,2.35,0.0,0.25,2.6
238,back,Bottom,94,87.5,1.425,0.6,2.35,0.0,0.25,2.6
239,back,Bottom,95,88.35,1.425,0.6,2.35,0.0,0.25,2.6
240,back,Bottom,96,89.2,1.425,0.6,2.35,0.0,0.25,2.6
241,back,Bottom,97,90.05,1.425,0.6,2.35,0.0,0.25,2.6
242,back,Bottom,98,90.9,1.425,0.6,2.35,0.0,0.25,2.6
243,back,Bottom,99,91.75,1.425,0.6,2.35,0.0,0.25,2.6
244,back,Bottom,100,92.6,1.425,0.6,2.35,0.0,0.25,2.6
245,back,Bottom,101,93.45,1.425,0.6,2.35,0.0,0.25,2.6
246,back,Bottom,102,94.3,1.425,0.6,2.35,0.0,0.25,2.6
247,back,Bottom,103,95.15,1.425,0.6,2.35,0.0,0.25,2.6
248,back,Bottom,104,96.0,1.425,0.6,2.35,0.0,0.25,2.6
249,back,Bottom,105,96.85,1.425,0.6,2.35,0.0,0.25,2.6
250,back,Bottom,106,97.7,1.4458,0.6,2.3083,0.0417,0.2917,2.6
251,back,Bottom,107,98.55,1.4667,0.6,2.2667,0.0833,0.3333,2.6
252,back,Bottom,108,99.4,1.4875,0.6,2.225,0.125,0.375,2.6
253,back,Bottom,109,100.25,1.5083,0.6,2.1833,0.1667,0.4167,2.6
254,back,Bottom,110,101.1,1.5292,0.6,2.1417,0.2083,0.4583,2.6
255,back,Bottom,111,101.95,1.55,0.6,2.1,0.25,0.5,2.6
256,back,Bottom,112,102.8,1.5708,0.6,2.0583,0.2917,0.5417,2.6
257,back,Bottom,113,103.65,1.5917,0.6,2.0167,0.3333,0.5833,2.6
258,back,Bottom,114,104.5,1.6125,0.6,1.975,0.375,0.625,2.6
259,back,Bottom,115,105.35,1.6333,0.6,1.9333,0.4167,0.6667,2.6
260,back,Bottom,116,106.2,1.6542,0.6,1.8917,0.4583,0.7083,2.6
261,back,Bottom,117,107.05,1.675,0.6,1.85,0.5,0.75,2.6
262,back,Bottom,118,107.9,1.675,0.6,1.85,0.5,0.75,2.6
263,back,Bottom,119,108.75,1.675,0.6,1.85,0.5,0.75,2.6
264,back,Bottom,120,109.6,1.675,0.6,1.85,0.5,0.75,2.6
265,back,Bottom,121,110.45,1.675,0.6,1.85,0.5,0.75,2.6
266,back,Bottom,122,111.3,1.675,0.6,1.85,0.5,0.75,2.6
267,back,Bottom,123,112.15,1.675,0.6,1.85,0.5,0.75,2.6
268,back,Bottom,124,113.0,1.675,0.6,1.85,0.5,0.75,2.6
269,back,Bottom,125,113.85,1.675,0.6,1.85,0.5,0.75,2.6
270,back,Bottom,126,114.7,1.675,0.6,1.85,0.5,0.75,2.6
271,back,Bottom,127,115.55,1.675,0.6,1.85,0.5,0.75,2.6
272,back,Bottom,128,116.4,1.675,0.6,1.85,0.5,0.75,2.6
273,back,Bottom,129,117.25,1.675,0.6,1.85,0.5,0.75,2.6
274,back,Bottom,130,118.1,1.675,0.6,1.85,0.5,0.75,2.6
275,back,Bottom,131,118.95,1.675,0.6,1.85,0.5,0.75,2.6
276,back,Bottom,132,119.8,1.675,0.6,1.85,0.5,0.75,2.6
277,back,Bottom,133,120.65,1.675,0.6,1.85,0.5,0.75,2.6
278,back,Bottom,134,121.5,1.675,0.6,1.85,0.5,0.75,2.6
279,back,Bottom,135,122.35,1.675,0.6,1.85,0.5,0.75,2.6
280,back,Bottom,136,123.2,1.675,0.6,1.85,0.5,0.75,2.6
281,back,Bottom,137,124.05,1.675,0.6,1.85,0.5,0.75,2.6
282,back,Bottom,138,124.9,1.675,0.6,1.85,0.5,0.75,2.6
283,back,Bottom,139,125.75,1.675,0.6,1.85,0.5,0.75,2.6
284,back,Bottom,140,126.6,1.675,0.6,1.85,0.5,0.75,2.6
285,back,Bottom,141,127.45,1.675,0.6,1.85,0.5,0.75,2.6
286,back,Bottom,142,128.3,1.675,0.6,1.85,0.5,0.75,2.6
287,back,Bottom,143,129.15,1.675,0.6,1.85,0.5,0.75,2.6
288,back,Bottom,144,130.0,1.675,0.6,1.85,0.5,0.75,2.6
