GROUND (VSS)	VSS	2	Passive	net GND	Left
GROUND (VSS)	VSS	4	Passive	net GND	Left
GROUND (VSS)	VSS	6	Passive	net GND	Left
GROUND (VSS)	VSS	9	Passive	net GND	Left
GROUND (VSS)	VSS	11	Passive	net GND	Left
GROUND (VSS)	VSS	13	Passive	net GND	Left
GROUND (VSS)	VSS	15	Passive	net GND	Left
GROUND (VSS)	VSS	17	Passive	net GND	Left
GROUND (VSS)	VSS	20	Passive	net GND	Left
GROUND (VSS)	VSS	22	Passive	net GND	Left
GROUND (VSS)	VSS	24	Passive	net GND	Left
GROUND (VSS)	VSS	26	Passive	net GND	Left
GROUND (VSS)	VSS	28	Passive	net GND	Left
GROUND (VSS)	VSS	31	Passive	net GND	Left
GROUND (VSS)	VSS	33	Passive	net GND	Left
GROUND (VSS)	VSS	35	Passive	net GND	Left
GROUND (VSS)	VSS	37	Passive	net GND	Left
GROUND (VSS)	VSS	39	Passive	net GND	Left
GROUND (VSS)	VSS	42	Passive	net GND	Left
GROUND (VSS)	VSS	44	Passive	net GND	Left
GROUND (VSS)	VSS	46	Passive	net GND	Left
GROUND (VSS)	VSS	48	Passive	net GND	Left
GROUND (VSS)	VSS	50	Passive	net GND	Left
GROUND (VSS)	VSS	53	Passive	net GND	Left
GROUND (VSS)	VSS	55	Passive	net GND	Left
GROUND (VSS)	VSS	57	Passive	net GND	Left
GROUND (VSS)	VSS	94	Passive	net GND	Left
GROUND (VSS)	VSS	96	Passive	net GND	Left
GROUND (VSS)	VSS	98	Passive	net GND	Left
GROUND (VSS)	VSS	101	Passive	net GND	Left
GROUND (VSS)	VSS	103	Passive	net GND	Left
GROUND (VSS)	VSS	105	Passive	net GND	Left
GROUND (VSS)	VSS	107	Passive	net GND	Left
GROUND (VSS)	VSS	109	Passive	net GND	Left
GROUND (VSS)	VSS	112	Passive	net GND	Left
GROUND (VSS)	VSS	114	Passive	net GND	Left
GROUND (VSS)	VSS	116	Passive	net GND	Left
GROUND (VSS)	VSS	118	Passive	net GND	Left
GROUND (VSS)	VSS	120	Passive	net GND	Left
GROUND (VSS)	VSS	123	Passive	net GND	Left
GROUND (VSS)	VSS	125	Passive	net GND	Left
GROUND (VSS)	VSS	127	Passive	net GND	Left
GROUND (VSS)	VSS	129	Passive	net GND	Left
GROUND (VSS)	VSS	131	Passive	net GND	Left
GROUND (VSS)	VSS	134	Passive	net GND	Left
GROUND (VSS)	VSS	136	Passive	net GND	Left
GROUND (VSS)	VSS	138	Passive	net GND	Left
GROUND (VSS)	VSS	283	Passive	net GND	Right
GROUND (VSS)	VSS	281	Passive	net GND	Right
GROUND (VSS)	VSS	279	Passive	net GND	Right
GROUND (VSS)	VSS	276	Passive	net GND	Right
GROUND (VSS)	VSS	274	Passive	net GND	Right
GROUND (VSS)	VSS	272	Passive	net GND	Right
GROUND (VSS)	VSS	270	Passive	net GND	Right
GROUND (VSS)	VSS	268	Passive	net GND	Right
GROUND (VSS)	VSS	265	Passive	net GND	Right
GROUND (VSS)	VSS	263	Passive	net GND	Right
GROUND (VSS)	VSS	261	Passive	net GND	Right
GROUND (VSS)	VSS	259	Passive	net GND	Right
GROUND (VSS)	VSS	257	Passive	net GND	Right
GROUND (VSS)	VSS	254	Passive	net GND	Right
GROUND (VSS)	VSS	252	Passive	net GND	Right
GROUND (VSS)	VSS	250	Passive	net GND	Right
GROUND (VSS)	VSS	248	Passive	net GND	Right
GROUND (VSS)	VSS	246	Passive	net GND	Right
GROUND (VSS)	VSS	243	Passive	net GND	Right
GROUND (VSS)	VSS	241	Passive	net GND	Right
GROUND (VSS)	VSS	239	Passive	net GND	Right
GROUND (VSS)	VSS	202	Passive	net GND	Right
GROUND (VSS)	VSS	200	Passive	net GND	Right
GROUND (VSS)	VSS	198	Passive	net GND	Right
GROUND (VSS)	VSS	195	Passive	net GND	Right
GROUND (VSS)	VSS	193	Passive	net GND	Right
GROUND (VSS)	VSS	191	Passive	net GND	Right
GROUND (VSS)	VSS	189	Passive	net GND	Right
GROUND (VSS)	VSS	187	Passive	net GND	Right
GROUND (VSS)	VSS	184	Passive	net GND	Right
GROUND (VSS)	VSS	182	Passive	net GND	Right
GROUND (VSS)	VSS	180	Passive	net GND	Right
GROUND (VSS)	VSS	178	Passive	net GND	Right
GROUND (VSS)	VSS	176	Passive	net GND	Right
GROUND (VSS)	VSS	173	Passive	net GND	Right
GROUND (VSS)	VSS	171	Passive	net GND	Right
GROUND (VSS)	VSS	169	Passive	net GND	Right
GROUND (VSS)	VSS	167	Passive	net GND	Right
GROUND (VSS)	VSS	165	Passive	net GND	Right
GROUND (VSS)	VSS	162	Passive	net GND	Right
GROUND (VSS)	VSS	160	Passive	net GND	Right
GROUND (VSS)	VSS	158	Passive	net GND	Right
GROUND (VSS)	VSS	156	Passive	net GND	Right
GROUND (VSS)	VSS	154	Passive	net GND	Right
GROUND (VSS)	VSS	151	Passive	net GND	Right
GROUND (VSS)	VSS	149	Passive	net GND	Right
GROUND (VSS)	VSS	147	Passive	net GND	Right
