designator,x_mm,y_mm,rotation,reason
J1,0.0,0.0,0,"gold fingers, board origin"
U1,9.3,15.3,180,"byte 0 DRAM, lane 9.3, TL3/TL4 fly-by spacing"
R2,6.75,5.0,270,"byte 0 15 ohm series for DQ0, above its finger (TL0)"
R4,12.7,5.0,270,"byte 0 15 ohm series for DQ2, above its finger (TL0)"
R6,5.05,5.0,270,"byte 0 15 ohm series for DQ4, above its finger (TL0)"
R7,11.0,5.0,270,"byte 0 15 ohm series for DQ6, above its finger (TL0)"
R11,8.45,5.0,270,"byte 0 15 ohm series for DM0, above its finger (TL0)"
R12,5.9,7.5,270,"byte 0 15 ohm series for DQ5, above its finger (TL0)"
R3,7.6,7.5,270,"byte 0 15 ohm series for DQ1, above its finger (TL0)"
R10,9.075,7.5,270,"byte 0 15 ohm series for DQS0_C, above its finger (TL0)"
R9,10.375,7.5,270,"byte 0 15 ohm series for DQS0_T, above its finger (TL0)"
R8,11.85,7.5,270,"byte 0 15 ohm series for DQ7, above its finger (TL0)"
R5,13.55,7.5,270,"byte 0 15 ohm series for DQ3, above its finger (TL0)"
R1,4.7,11.3,90,U1 ZQ 240 ohm at ball B9 (5 pF max load)
C1,13.9,16.9,90,U1 VREFCA at ball J1 (Table 9)
C2,13.9,14.1,90,"U1 VDD/VDDQ, right-hand VDD balls (Table 9)"
C3,4.7,15.3,90,"U1 VDD/VDDQ, left-hand VDD balls (Table 9)"
C4,9.3,21.7,0,"U1 1.0 uF VDD, above the DRAM (Table 9 note 2)"
C5,13.9,11.3,90,U1 VPP at ball B1 (Table 9)
C6,4.7,19.3,90,U1 VPP at ball M9 (Table 9)
U2,20.23,15.3,180,"byte 1 DRAM, lane 18.7, TL3/TL4 fly-by spacing"
R14,16.1,5.0,270,"byte 1 15 ohm series for DQ8, above its finger (TL0)"
R16,22.05,5.0,270,"byte 1 15 ohm series for DQ10, above its finger (TL0)"
R18,14.4,5.0,270,"byte 1 15 ohm series for DQ12, above its finger (TL0)"
R19,20.35,5.0,270,"byte 1 15 ohm series for DQ14, above its finger (TL0)"
R23,17.8,5.0,270,"byte 1 15 ohm series for DM1, above its finger (TL0)"
R24,15.25,7.5,270,"byte 1 15 ohm series for DQ13, above its finger (TL0)"
R15,16.95,7.5,270,"byte 1 15 ohm series for DQ9, above its finger (TL0)"
R22,18.425,7.5,270,"byte 1 15 ohm series for DQS1_C, above its finger (TL0)"
R21,19.725,7.5,270,"byte 1 15 ohm series for DQS1_T, above its finger (TL0)"
R20,21.2,7.5,270,"byte 1 15 ohm series for DQ15, above its finger (TL0)"
R17,22.9,7.5,270,"byte 1 15 ohm series for DQ11, above its finger (TL0)"
R13,15.63,11.3,90,U2 ZQ 240 ohm at ball B9 (5 pF max load)
C7,24.83,16.9,90,U2 VREFCA at ball J1 (Table 9)
C8,24.83,14.1,90,"U2 VDD/VDDQ, right-hand VDD balls (Table 9)"
C9,15.63,15.3,90,"U2 VDD/VDDQ, left-hand VDD balls (Table 9)"
C10,20.23,21.7,0,"U2 1.0 uF VDD, above the DRAM (Table 9 note 2)"
C11,24.83,11.3,90,U2 VPP at ball B1 (Table 9)
C12,15.63,19.3,90,U2 VPP at ball M9 (Table 9)
U3,31.16,15.3,180,"byte 2 DRAM, lane 28.0, TL3/TL4 fly-by spacing"
R26,25.45,5.0,270,"byte 2 15 ohm series for DQ16, above its finger (TL0)"
R28,31.4,5.0,270,"byte 2 15 ohm series for DQ18, above its finger (TL0)"
R30,23.75,5.0,270,"byte 2 15 ohm series for DQ20, above its finger (TL0)"
R31,29.7,5.0,270,"byte 2 15 ohm series for DQ22, above its finger (TL0)"
R35,27.15,5.0,270,"byte 2 15 ohm series for DM2, above its finger (TL0)"
R36,24.6,7.5,270,"byte 2 15 ohm series for DQ21, above its finger (TL0)"
R27,26.3,7.5,270,"byte 2 15 ohm series for DQ17, above its finger (TL0)"
R34,27.775,7.5,270,"byte 2 15 ohm series for DQS2_C, above its finger (TL0)"
R33,29.075,7.5,270,"byte 2 15 ohm series for DQS2_T, above its finger (TL0)"
R32,30.55,7.5,270,"byte 2 15 ohm series for DQ23, above its finger (TL0)"
R29,32.25,7.5,270,"byte 2 15 ohm series for DQ19, above its finger (TL0)"
R25,26.56,11.3,90,U3 ZQ 240 ohm at ball B9 (5 pF max load)
C13,35.76,16.9,90,U3 VREFCA at ball J1 (Table 9)
C14,35.76,14.1,90,"U3 VDD/VDDQ, right-hand VDD balls (Table 9)"
C15,26.56,15.3,90,"U3 VDD/VDDQ, left-hand VDD balls (Table 9)"
C16,31.16,21.7,0,"U3 1.0 uF VDD, above the DRAM (Table 9 note 2)"
C17,35.76,11.3,90,U3 VPP at ball B1 (Table 9)
C18,26.56,19.3,90,U3 VPP at ball M9 (Table 9)
U4,42.09,15.3,180,"byte 3 DRAM, lane 37.3, TL3/TL4 fly-by spacing"
R38,34.8,5.0,270,"byte 3 15 ohm series for DQ24, above its finger (TL0)"
R40,40.75,5.0,270,"byte 3 15 ohm series for DQ26, above its finger (TL0)"
R42,33.1,5.0,270,"byte 3 15 ohm series for DQ28, above its finger (TL0)"
R43,39.05,5.0,270,"byte 3 15 ohm series for DQ30, above its finger (TL0)"
R47,36.5,5.0,270,"byte 3 15 ohm series for DM3, above its finger (TL0)"
R48,33.95,7.5,270,"byte 3 15 ohm series for DQ29, above its finger (TL0)"
R39,35.65,7.5,270,"byte 3 15 ohm series for DQ25, above its finger (TL0)"
R46,37.125,7.5,270,"byte 3 15 ohm series for DQS3_C, above its finger (TL0)"
R45,38.425,7.5,270,"byte 3 15 ohm series for DQS3_T, above its finger (TL0)"
R44,39.9,7.5,270,"byte 3 15 ohm series for DQ31, above its finger (TL0)"
R41,41.6,7.5,270,"byte 3 15 ohm series for DQ27, above its finger (TL0)"
R37,37.49,11.3,90,U4 ZQ 240 ohm at ball B9 (5 pF max load)
C19,46.69,16.9,90,U4 VREFCA at ball J1 (Table 9)
C20,46.69,14.1,90,"U4 VDD/VDDQ, right-hand VDD balls (Table 9)"
C21,37.49,15.3,90,"U4 VDD/VDDQ, left-hand VDD balls (Table 9)"
C22,42.09,21.7,0,"U4 1.0 uF VDD, above the DRAM (Table 9 note 2)"
C23,46.69,11.3,90,U4 VPP at ball B1 (Table 9)
C24,37.49,19.3,90,U4 VPP at ball M9 (Table 9)
U5,87.91,15.3,180,"byte 4 DRAM, lane 92.6, TL3/TL4 fly-by spacing"
R50,90.05,5.0,270,"byte 4 15 ohm series for DQ32, above its finger (TL0)"
R52,96.0,5.0,270,"byte 4 15 ohm series for DQ34, above its finger (TL0)"
R54,88.35,5.0,270,"byte 4 15 ohm series for DQ36, above its finger (TL0)"
R55,94.3,5.0,270,"byte 4 15 ohm series for DQ38, above its finger (TL0)"
R59,91.75,5.0,270,"byte 4 15 ohm series for DM4, above its finger (TL0)"
R60,89.2,7.5,270,"byte 4 15 ohm series for DQ37, above its finger (TL0)"
R51,90.9,7.5,270,"byte 4 15 ohm series for DQ33, above its finger (TL0)"
R58,92.375,7.5,270,"byte 4 15 ohm series for DQS4_C, above its finger (TL0)"
R57,93.675,7.5,270,"byte 4 15 ohm series for DQS4_T, above its finger (TL0)"
R56,95.15,7.5,270,"byte 4 15 ohm series for DQ39, above its finger (TL0)"
R53,96.85,7.5,270,"byte 4 15 ohm series for DQ35, above its finger (TL0)"
R49,83.31,11.3,90,U5 ZQ 240 ohm at ball B9 (5 pF max load)
C25,92.51,16.9,90,U5 VREFCA at ball J1 (Table 9)
C26,92.51,14.1,90,"U5 VDD/VDDQ, right-hand VDD balls (Table 9)"
C27,83.31,15.3,90,"U5 VDD/VDDQ, left-hand VDD balls (Table 9)"
C28,87.91,21.7,0,"U5 1.0 uF VDD, above the DRAM (Table 9 note 2)"
C29,92.51,11.3,90,U5 VPP at ball B1 (Table 9)
C30,83.31,19.3,90,U5 VPP at ball M9 (Table 9)
U6,98.84,15.3,180,"byte 5 DRAM, lane 102.0, TL3/TL4 fly-by spacing"
R62,99.4,5.0,270,"byte 5 15 ohm series for DQ40, above its finger (TL0)"
R64,105.35,5.0,270,"byte 5 15 ohm series for DQ42, above its finger (TL0)"
R66,97.7,5.0,270,"byte 5 15 ohm series for DQ44, above its finger (TL0)"
R67,103.65,5.0,270,"byte 5 15 ohm series for DQ46, above its finger (TL0)"
R71,101.1,5.0,270,"byte 5 15 ohm series for DM5, above its finger (TL0)"
R72,98.55,7.5,270,"byte 5 15 ohm series for DQ45, above its finger (TL0)"
R63,100.25,7.5,270,"byte 5 15 ohm series for DQ41, above its finger (TL0)"
R70,101.725,7.5,270,"byte 5 15 ohm series for DQS5_C, above its finger (TL0)"
R69,103.025,7.5,270,"byte 5 15 ohm series for DQS5_T, above its finger (TL0)"
R68,104.5,7.5,270,"byte 5 15 ohm series for DQ47, above its finger (TL0)"
R65,106.2,7.5,270,"byte 5 15 ohm series for DQ43, above its finger (TL0)"
R61,94.24,11.3,90,U6 ZQ 240 ohm at ball B9 (5 pF max load)
C31,103.44,16.9,90,U6 VREFCA at ball J1 (Table 9)
C32,103.44,14.1,90,"U6 VDD/VDDQ, right-hand VDD balls (Table 9)"
C33,94.24,15.3,90,"U6 VDD/VDDQ, left-hand VDD balls (Table 9)"
C34,98.84,21.7,0,"U6 1.0 uF VDD, above the DRAM (Table 9 note 2)"
C35,103.44,11.3,90,U6 VPP at ball B1 (Table 9)
C36,94.24,19.3,90,U6 VPP at ball M9 (Table 9)
U7,109.77,15.3,180,"byte 6 DRAM, lane 111.3, TL3/TL4 fly-by spacing"
R74,108.75,5.0,270,"byte 6 15 ohm series for DQ48, above its finger (TL0)"
R76,114.7,5.0,270,"byte 6 15 ohm series for DQ50, above its finger (TL0)"
R78,107.05,5.0,270,"byte 6 15 ohm series for DQ52, above its finger (TL0)"
R79,113.0,5.0,270,"byte 6 15 ohm series for DQ54, above its finger (TL0)"
R83,110.45,5.0,270,"byte 6 15 ohm series for DM6, above its finger (TL0)"
R84,107.9,7.5,270,"byte 6 15 ohm series for DQ53, above its finger (TL0)"
R75,109.6,7.5,270,"byte 6 15 ohm series for DQ49, above its finger (TL0)"
R82,111.075,7.5,270,"byte 6 15 ohm series for DQS6_C, above its finger (TL0)"
R81,112.375,7.5,270,"byte 6 15 ohm series for DQS6_T, above its finger (TL0)"
R80,113.85,7.5,270,"byte 6 15 ohm series for DQ55, above its finger (TL0)"
R77,115.55,7.5,270,"byte 6 15 ohm series for DQ51, above its finger (TL0)"
R73,105.17,11.3,90,U7 ZQ 240 ohm at ball B9 (5 pF max load)
C37,114.37,16.9,90,U7 VREFCA at ball J1 (Table 9)
C38,114.37,14.1,90,"U7 VDD/VDDQ, right-hand VDD balls (Table 9)"
C39,105.17,15.3,90,"U7 VDD/VDDQ, left-hand VDD balls (Table 9)"
C40,109.77,21.7,0,"U7 1.0 uF VDD, above the DRAM (Table 9 note 2)"
C41,114.37,11.3,90,U7 VPP at ball B1 (Table 9)
C42,105.17,19.3,90,U7 VPP at ball M9 (Table 9)
U8,120.7,15.3,180,"byte 7 DRAM, lane 120.7, TL3/TL4 fly-by spacing"
R86,118.1,5.0,270,"byte 7 15 ohm series for DQ56, above its finger (TL0)"
R88,124.05,5.0,270,"byte 7 15 ohm series for DQ58, above its finger (TL0)"
R90,116.4,5.0,270,"byte 7 15 ohm series for DQ60, above its finger (TL0)"
R91,122.35,5.0,270,"byte 7 15 ohm series for DQ62, above its finger (TL0)"
R95,119.8,5.0,270,"byte 7 15 ohm series for DM7, above its finger (TL0)"
R96,117.25,7.5,270,"byte 7 15 ohm series for DQ61, above its finger (TL0)"
R87,118.95,7.5,270,"byte 7 15 ohm series for DQ57, above its finger (TL0)"
R94,120.425,7.5,270,"byte 7 15 ohm series for DQS7_C, above its finger (TL0)"
R93,121.725,7.5,270,"byte 7 15 ohm series for DQS7_T, above its finger (TL0)"
R92,123.2,7.5,270,"byte 7 15 ohm series for DQ63, above its finger (TL0)"
R89,124.9,7.5,270,"byte 7 15 ohm series for DQ59, above its finger (TL0)"
R85,116.1,11.3,90,U8 ZQ 240 ohm at ball B9 (5 pF max load)
C43,125.3,16.9,90,U8 VREFCA at ball J1 (Table 9)
C44,125.3,14.1,90,"U8 VDD/VDDQ, right-hand VDD balls (Table 9)"
C45,116.1,15.3,90,"U8 VDD/VDDQ, left-hand VDD balls (Table 9)"
C46,120.7,21.7,0,"U8 1.0 uF VDD, above the DRAM (Table 9 note 2)"
C47,125.3,11.3,90,U8 VPP at ball B1 (Table 9)
C48,116.1,19.3,90,U8 VPP at ball M9 (Table 9)
U9,66.675,24.0,90,"SPD, top centre as in the Annex A layout drawing"
C49,69.2,24.0,90,SPD VDDSPD decoupling
R106,65.825,5.2,0,"CK1 75 ohm across CK1_t/c, TL0 3.7 +/- 0.8 mm (Annex A p.7)"
C70,68.2,5.2,90,VTT cap next to the VTT finger (Table 9)
C53,129.2,5.2,90,VPP cap next to the VPP fingers (Table 9)
C54,4.2,5.2,90,VREFCA cap next to the VREFCA finger (Table 9)
R97,113.0,23.2,90,"39 ohm VTT termination after U8, TL5 13.0 mm (Annex A p.10-11)"
R98,114.3,23.2,90,"39 ohm VTT termination after U8, TL5 13.0 mm (Annex A p.10-11)"
R99,115.6,23.2,90,"39 ohm VTT termination after U8, TL5 13.0 mm (Annex A p.10-11)"
R100,116.9,23.2,90,"39 ohm VTT termination after U8, TL5 13.0 mm (Annex A p.10-11)"
R101,118.2,23.2,90,"39 ohm VTT termination after U8, TL5 13.0 mm (Annex A p.10-11)"
R103,119.5,23.2,90,"39 ohm VTT termination after U8, TL5 13.0 mm (Annex A p.10-11)"
R104,120.8,23.2,90,"39 ohm VTT termination after U8, TL5 13.0 mm (Annex A p.10-11)"
R105,122.1,23.2,90,"39 ohm VTT termination after U8, TL5 13.0 mm (Annex A p.10-11)"
R107,123.4,23.2,90,"39 ohm VTT termination after U8, TL5 13.0 mm (Annex A p.10-11)"
R108,124.7,23.2,90,"39 ohm VTT termination after U8, TL5 13.0 mm (Annex A p.10-11)"
R109,126.0,23.2,90,"39 ohm VTT termination after U8, TL5 13.0 mm (Annex A p.10-11)"
R110,127.3,23.2,90,"39 ohm VTT termination after U8, TL5 13.0 mm (Annex A p.10-11)"
R111,128.6,23.2,90,"39 ohm VTT termination after U8, TL5 13.0 mm (Annex A p.10-11)"
R112,113.0,25.6,90,"39 ohm VTT termination after U8, TL5 13.0 mm (Annex A p.10-11)"
R113,114.3,25.6,90,"39 ohm VTT termination after U8, TL5 13.0 mm (Annex A p.10-11)"
R114,115.6,25.6,90,"39 ohm VTT termination after U8, TL5 13.0 mm (Annex A p.10-11)"
R116,116.9,25.6,90,"39 ohm VTT termination after U8, TL5 13.0 mm (Annex A p.10-11)"
R118,118.2,25.6,90,"39 ohm VTT termination after U8, TL5 13.0 mm (Annex A p.10-11)"
R119,119.5,25.6,90,"39 ohm VTT termination after U8, TL5 13.0 mm (Annex A p.10-11)"
R120,120.8,25.6,90,"39 ohm VTT termination after U8, TL5 13.0 mm (Annex A p.10-11)"
R121,122.1,25.6,90,"39 ohm VTT termination after U8, TL5 13.0 mm (Annex A p.10-11)"
R122,123.4,25.6,90,"39 ohm VTT termination after U8, TL5 13.0 mm (Annex A p.10-11)"
R123,124.7,25.6,90,"39 ohm VTT termination after U8, TL5 13.0 mm (Annex A p.10-11)"
R124,126.0,25.6,90,"39 ohm VTT termination after U8, TL5 13.0 mm (Annex A p.10-11)"
R125,127.3,25.6,90,"39 ohm VTT termination after U8, TL5 13.0 mm (Annex A p.10-11)"
R126,128.6,25.6,90,"39 ohm VTT termination after U8, TL5 13.0 mm (Annex A p.10-11)"
C57,113.0,28.0,90,"VTT decoupling, 1 per 2 terminations (Table 9)"
C58,114.3,28.0,90,"VTT decoupling, 1 per 2 terminations (Table 9)"
C59,115.6,28.0,90,"VTT decoupling, 1 per 2 terminations (Table 9)"
C60,116.9,28.0,90,"VTT decoupling, 1 per 2 terminations (Table 9)"
C61,118.2,28.0,90,"VTT decoupling, 1 per 2 terminations (Table 9)"
C62,119.5,28.0,90,"VTT decoupling, 1 per 2 terminations (Table 9)"
C63,120.8,28.0,90,"VTT decoupling, 1 per 2 terminations (Table 9)"
C64,122.1,28.0,90,"VTT decoupling, 1 per 2 terminations (Table 9)"
C65,123.4,28.0,90,"VTT decoupling, 1 per 2 terminations (Table 9)"
C66,124.7,28.0,90,"VTT decoupling, 1 per 2 terminations (Table 9)"
C67,126.0,28.0,90,"VTT decoupling, 1 per 2 terminations (Table 9)"
C68,127.3,28.0,90,"VTT decoupling, 1 per 2 terminations (Table 9)"
C69,128.6,28.0,90,"VTT decoupling, 1 per 2 terminations (Table 9)"
R115,126.0,20.5,90,"CK0_t 39 ohm after U8, TL5 13.0 mm (Annex A p.6)"
R117,127.3,20.5,90,"CK0_c 39 ohm after U8, TL5 13.0 mm (Annex A p.6)"
C56,128.6,20.5,90,CK0 0.01 uF to VDD (Annex A p.6)
R102,4.4,21.2,90,"ALERT_n 47 ohm pull-up to VDD before the first DRAM U1, TL0 2.5 mm (Annex A p.12, main spec 6.3.7)"
C50,48.8,15.3,90,4.7 uF bulk VDD (Table 9)
C51,81.2,15.3,90,4.7 uF bulk VDD (Table 9)
C52,25.0,25.5,0,4.7 uF bulk VDD (Table 9)
C55,100.0,25.5,0,4.7 uF bulk VDD (Table 9)
